Episode,Cumulative_Reward
0,-144
1,-515
2,-380
3,-293
4,-733
5,-110
6,-178
7,-218
8,-370
9,-167
10,-418
11,-476
12,-624
13,-253
14,-304
15,-110
16,-63
17,-36
18,-174
19,-52
20,-61
21,-169
22,-54
23,-70
24,-84
25,-110
26,-39
27,-101
28,-65
29,-165
30,-66
31,-53
32,-91
33,-42
34,-65
35,-41
36,-128
37,-129
38,-93
39,-90
40,-42
41,-90
42,-74
43,-109
44,-121
45,-59
46,-104
47,-112
48,-100
49,-64
50,-196
51,-58
52,-108
53,-38
54,-53
55,-118
56,-126
57,-25
58,-84
59,-64
60,-67
61,-90
62,-84
63,-131
64,-75
65,-100
66,-135
67,-118
68,-63
69,-52
70,-79
71,-65
72,-40
73,-71
74,-78
75,-57
76,-75
77,-29
78,-24
79,-65
80,-75
81,-53
82,-172
83,-62
84,-70
85,-56
86,-30
87,-25
88,-87
89,-43
90,-38
91,-79
92,-45
93,-150
94,-73
95,-33
96,-151
97,-29
98,-48
99,-47
100,-63
101,-121
102,-83
103,-116
104,-28
105,-31
106,-49
107,-60
108,-45
109,-21
110,-43
111,-63
112,-43
113,-18
114,-57
115,-17
116,-35
117,-57
118,-46
119,-53
120,-55
121,-31
122,-26
123,-34
124,-153
125,-123
126,-46
127,-40
128,-54
129,-40
130,-35
131,-36
132,-37
133,-43
134,-23
135,-56
136,-104
137,-17
138,-36
139,-37
140,-44
141,-125
142,-32
143,-67
144,-18
145,-24
146,-34
147,-42
148,-27
149,-34
150,-108
151,-32
152,-37
153,-25
154,-37
155,-20
156,-56
157,-40
158,-22
159,-21
160,-29
161,-38
162,-20
163,-26
164,-49
165,-110
166,-48
167,-107
168,-45
169,-22
170,-33
171,-29
172,-18
173,-42
174,-24
175,-107
176,-30
177,-22
178,-42
179,-103
180,-121
181,-28
182,-22
183,-50
184,-110
185,-25
186,-30
187,-31
188,-27
189,-18
190,-110
191,-25
192,-28
193,-25
194,-28
195,-25
196,-30
197,-26
198,-30
199,-25
200,-15
201,-23
202,-109
203,-29
204,-19
205,-31
206,-22
207,-126
208,-20
209,-19
210,-22
211,-120
212,-34
213,-19
214,-16
215,-33
216,-16
217,-26
218,-18
219,-20
220,-20
221,-30
222,-28
223,-26
224,-12
225,-28
226,-30
227,-21
228,-28
229,-21
230,-19
231,-29
232,-12
233,-50
234,-15
235,-11
236,-28
237,-125
238,-20
239,-13
240,-11
241,-26
242,-31
243,-16
244,-16
245,-126
246,-21
247,-32
248,-102
249,-29
250,-17
251,-22
252,-111
253,-14
254,-17
255,-21
256,-24
257,-26
258,-15
259,-20
260,-23
261,-18
262,-15
263,-20
264,-17
265,-11
266,-14
267,-32
268,-25
269,-103
270,-14
271,-20
272,-17
273,-26
274,-22
275,-15
276,-20
277,-12
278,-18
279,-11
280,-21
281,-22
282,-18
283,-12
284,-16
285,-15
286,-25
287,-13
288,-13
289,-23
290,-18
291,-15
292,-37
293,-18
294,-11
295,-100
296,-13
297,-22
298,-117
299,-20
300,-17
301,-13
302,-20
303,-15
304,-30
305,-17
306,-13
307,-19
308,-13
309,-25
310,-14
311,-12
312,-11
313,-16
314,-102
315,-11
316,-19
317,-18
318,-15
319,-18
320,-14
321,-11
322,-17
323,-18
324,-18
325,-25
326,-13
327,-12
328,-18
329,-11
330,-11
331,-109
332,-14
333,-15
334,-12
335,-17
336,-18
337,-103
338,-12
339,-24
340,-21
341,-16
342,-113
343,-23
344,-11
345,-22
346,-16
347,-13
348,-14
349,-13
350,-11
351,-20
352,-17
353,-111
354,-14
355,-11
356,-11
357,-13
358,-14
359,-11
360,-17
361,-13
362,-11
363,-11
364,-23
365,-16
366,-11
367,-11
368,-11
369,-11
370,-104
371,-11
372,-13
373,-11
374,-11
375,-11
376,-11
377,-11
378,-11
379,-22
380,-12
381,-14
382,-15
383,-11
384,-11
385,-11
386,-11
387,-11
388,-11
389,-13
390,-11
391,-11
392,-11
393,-11
394,-102
395,-11
396,-11
397,-11
398,-26
399,-11
400,-11
401,-11
402,-104
403,-11
404,-11
405,-11
406,-18
407,-106
408,-13
409,-12
410,-11
411,-11
412,-11
413,-13
414,-11
415,-11
416,-11
417,-110
418,-103
419,-11
420,-11
421,-14
422,-11
423,-11
424,-12
425,-13
426,-11
427,-104
428,-11
429,-12
430,-11
431,-11
432,-13
433,-11
434,-11
435,-11
436,-100
437,-11
438,-13
439,-13
440,-11
441,-11
442,-11
443,-12
444,-11
445,-11
446,-11
447,-11
448,-11
449,-110
450,-15
451,-11
452,-14
453,-11
454,-11
455,-11
456,-11
457,-104
458,-11
459,-11
460,-11
461,-12
462,-11
463,-11
464,-11
465,-104
466,-11
467,-11
468,-11
469,-11
470,-11
471,-11
472,-13
473,-11
474,-11
475,-12
476,-11
477,-11
478,-11
479,-11
480,-11
481,-13
482,-11
483,-109
484,-11
485,-11
486,-11
487,-12
488,-11
489,-11
490,-11
491,-11
492,-111
493,-11
494,-110
495,-11
496,-11
497,-11
498,-11
499,-11
500,-11
501,-11
502,-100
503,-11
504,-107
505,-11
506,-11
507,-19
508,-15
509,-104
510,-13
511,-11
512,-11
513,-11
514,-11
515,-11
516,-11
517,-11
518,-15
519,-11
520,-11
521,-11
522,-102
523,-13
524,-11
525,-13
526,-11
527,-106
528,-11
529,-11
530,-13
531,-11
532,-11
533,-103
534,-13
535,-11
536,-12
537,-12
538,-11
539,-11
540,-13
541,-11
542,-102
543,-11
544,-12
545,-16
546,-11
547,-18
548,-14
549,-11
550,-11
551,-13
552,-13
553,-11
554,-13
555,-11
556,-11
557,-15
558,-109
559,-11
560,-11
561,-15
562,-11
563,-11
564,-11
565,-11
566,-11
567,-11
568,-11
569,-110
570,-14
571,-111
572,-11
573,-12
574,-11
575,-11
576,-11
577,-11
578,-104
579,-11
580,-11
581,-11
582,-11
583,-11
584,-13
585,-11
586,-13
587,-13
588,-13
589,-15
590,-11
591,-15
592,-11
593,-12
594,-11
595,-115
596,-11
597,-104
598,-13
599,-11
600,-11
601,-11
602,-105
603,-11
604,-15
605,-15
606,-22
607,-11
608,-13
609,-11
610,-13
611,-15
612,-11
613,-11
614,-107
615,-11
616,-12
617,-11
618,-11
619,-13
620,-111
621,-11
622,-15
623,-13
624,-11
625,-11
626,-11
627,-11
628,-13
629,-13
630,-103
631,-11
632,-11
633,-13
634,-13
635,-104
636,-11
637,-11
638,-13
639,-11
640,-11
641,-13
642,-11
643,-106
644,-11
645,-15
646,-106
647,-110
648,-11
649,-13
650,-11
651,-14
652,-11
653,-15
654,-11
655,-11
656,-17
657,-11
658,-13
659,-25
660,-11
661,-11
662,-11
663,-11
664,-11
665,-106
666,-11
667,-14
668,-13
669,-103
670,-106
671,-13
672,-111
673,-107
674,-11
675,-17
676,-11
677,-11
678,-11
679,-11
680,-106
681,-11
682,-11
683,-20
684,-17
685,-108
686,-106
687,-11
688,-11
689,-13
690,-11
691,-11
692,-11
693,-15
694,-15
695,-11
696,-103
697,-11
698,-13
699,-13
700,-11
701,-114
702,-11
703,-19
704,-11
705,-11
706,-11
707,-11
708,-13
709,-11
710,-13
711,-14
712,-11
713,-11
714,-105
715,-110
716,-11
717,-11
718,-104
719,-11
720,-100
721,-11
722,-11
723,-11
724,-11
725,-11
726,-13
727,-11
728,-11
729,-13
730,-13
731,-11
732,-11
733,-12
734,-11
735,-13
736,-11
737,-12
738,-13
739,-13
740,-105
741,-11
742,-13
743,-11
744,-111
745,-13
746,-11
747,-17
748,-11
749,-111
750,-107
751,-11
752,-11
753,-104
754,-13
755,-11
756,-11
757,-11
758,-13
759,-11
760,-12
761,-13
762,-11
763,-15
764,-11
765,-11
766,-108
767,-11
768,-11
769,-11
770,-12
771,-11
772,-11
773,-103
774,-11
775,-11
776,-11
777,-14
778,-109
779,-11
780,-11
781,-113
782,-17
783,-109
784,-11
785,-11
786,-13
787,-13
788,-110
789,-11
790,-11
791,-102
792,-11
793,-11
794,-11
795,-11
796,-11
797,-11
798,-13
799,-11
800,-11
801,-11
802,-11
803,-11
804,-11
805,-11
806,-102
807,-109
808,-103
809,-11
810,-11
811,-11
812,-11
813,-12
814,-15
815,-13
816,-11
817,-11
818,-12
819,-112
820,-11
821,-11
822,-11
823,-11
824,-13
825,-11
826,-11
827,-14
828,-11
829,-12
830,-11
831,-13
832,-11
833,-11
834,-15
835,-105
836,-15
837,-11
838,-11
839,-12
840,-11
841,-11
842,-11
843,-11
844,-13
845,-11
846,-11
847,-13
848,-11
849,-11
850,-11
851,-103
852,-11
853,-11
854,-11
855,-11
856,-11
857,-11
858,-11
859,-11
860,-11
861,-11
862,-13
863,-11
864,-13
865,-11
866,-11
867,-11
868,-100
869,-107
870,-11
871,-11
872,-11
873,-13
874,-11
875,-11
876,-11
877,-11
878,-11
879,-11
880,-11
881,-15
882,-13
883,-11
884,-111
885,-22
886,-11
887,-11
888,-11
889,-109
890,-107
891,-13
892,-11
893,-11
894,-13
895,-13
896,-18
897,-100
898,-11
899,-14
900,-14
901,-12
902,-19
903,-107
904,-11
905,-11
906,-13
907,-13
908,-11
909,-15
910,-11
911,-11
912,-103
913,-11
914,-11
915,-11
916,-11
917,-11
918,-11
919,-11
920,-12
921,-109
922,-14
923,-11
924,-13
925,-11
926,-11
927,-11
928,-11
929,-109
930,-109
931,-11
932,-11
933,-11
934,-13
935,-11
936,-14
937,-11
938,-13
939,-18
940,-11
941,-14
942,-15
943,-11
944,-11
945,-11
946,-11
947,-11
948,-11
949,-102
950,-11
951,-11
952,-12
953,-13
954,-11
955,-13
956,-11
957,-11
958,-13
959,-11
960,-11
961,-11
962,-11
963,-11
964,-104
965,-11
966,-11
967,-11
968,-11
969,-11
970,-11
971,-11
972,-11
973,-11
974,-13
975,-11
976,-108
977,-11
978,-11
979,-13
980,-11
981,-13
982,-13
983,-11
984,-11
985,-11
986,-108
987,-14
988,-109
989,-11
990,-13
991,-12
992,-11
993,-15
994,-11
995,-13
996,-100
997,-11
998,-13
999,-11
1000,-14
1001,-13
1002,-11
1003,-13
1004,-13
1005,-11
1006,-11
1007,-11
1008,-19
1009,-11
1010,-11
1011,-11
1012,-17
1013,-11
1014,-13
1015,-111
1016,-11
1017,-11
1018,-11
1019,-110
1020,-15
1021,-11
1022,-11
1023,-11
1024,-13
1025,-11
1026,-13
1027,-12
1028,-13
1029,-13
1030,-110
1031,-11
1032,-113
1033,-13
1034,-11
1035,-18
1036,-13
1037,-11
1038,-11
1039,-11
1040,-11
1041,-12
1042,-15
1043,-11
1044,-13
1045,-11
1046,-12
1047,-11
1048,-11
1049,-111
1050,-11
1051,-13
1052,-13
1053,-11
1054,-13
1055,-18
1056,-11
1057,-11
1058,-11
1059,-11
1060,-11
1061,-13
1062,-11
1063,-11
1064,-17
1065,-11
1066,-11
1067,-11
1068,-11
1069,-11
1070,-11
1071,-13
1072,-108
1073,-11
1074,-11
1075,-11
1076,-11
1077,-11
1078,-102
1079,-11
1080,-11
1081,-11
1082,-108
1083,-11
1084,-13
1085,-12
1086,-13
1087,-11
1088,-13
1089,-11
1090,-11
1091,-11
1092,-11
1093,-13
1094,-11
1095,-14
1096,-11
1097,-11
1098,-108
1099,-11
1100,-11
1101,-11
1102,-108
1103,-17
1104,-11
1105,-14
1106,-102
1107,-13
1108,-13
1109,-11
1110,-11
1111,-15
1112,-11
1113,-11
1114,-14
1115,-11
1116,-11
1117,-11
1118,-11
1119,-11
1120,-11
1121,-13
1122,-11
1123,-11
1124,-11
1125,-11
1126,-11
1127,-13
1128,-11
1129,-11
1130,-11
1131,-13
1132,-12
1133,-11
1134,-11
1135,-11
1136,-13
1137,-11
1138,-15
1139,-11
1140,-11
1141,-11
1142,-11
1143,-12
1144,-11
1145,-11
1146,-11
1147,-108
1148,-13
1149,-16
1150,-11
1151,-108
1152,-14
1153,-11
1154,-106
1155,-11
1156,-11
1157,-11
1158,-13
1159,-13
1160,-102
1161,-11
1162,-13
1163,-11
1164,-11
1165,-11
1166,-11
1167,-11
1168,-104
1169,-11
1170,-11
1171,-11
1172,-11
1173,-11
1174,-11
1175,-13
1176,-11
1177,-100
1178,-11
1179,-11
1180,-11
1181,-11
1182,-105
1183,-11
1184,-13
1185,-11
1186,-11
1187,-11
1188,-11
1189,-106
1190,-11
1191,-11
1192,-13
1193,-11
1194,-13
1195,-11
1196,-11
1197,-13
1198,-107
1199,-13
1200,-106
1201,-11
1202,-11
1203,-102
1204,-11
1205,-11
1206,-21
1207,-11
1208,-13
1209,-11
1210,-13
1211,-11
1212,-108
1213,-11
1214,-11
1215,-11
1216,-110
1217,-13
1218,-11
1219,-100
1220,-11
1221,-13
1222,-13
1223,-11
1224,-13
1225,-11
1226,-11
1227,-11
1228,-11
1229,-11
1230,-11
1231,-11
1232,-109
1233,-11
1234,-11
1235,-11
1236,-13
1237,-17
1238,-11
1239,-13
1240,-11
1241,-13
1242,-11
1243,-109
1244,-11
1245,-15
1246,-11
1247,-11
1248,-11
1249,-13
1250,-15
1251,-11
1252,-11
1253,-11
1254,-11
1255,-11
1256,-13
1257,-11
1258,-11
1259,-13
1260,-11
1261,-11
1262,-11
1263,-13
1264,-13
1265,-104
1266,-11
1267,-11
1268,-11
1269,-13
1270,-11
1271,-103
1272,-11
1273,-11
1274,-11
1275,-11
1276,-11
1277,-102
1278,-11
1279,-11
1280,-15
1281,-11
1282,-13
1283,-12
1284,-11
1285,-103
1286,-108
1287,-110
1288,-11
1289,-12
1290,-116
1291,-109
1292,-13
1293,-11
1294,-11
1295,-108
1296,-11
1297,-13
1298,-108
1299,-113
1300,-13
1301,-102
1302,-110
1303,-11
1304,-11
1305,-15
1306,-11
1307,-13
1308,-11
1309,-11
1310,-11
1311,-15
1312,-11
1313,-11
1314,-13
1315,-11
1316,-11
1317,-13
1318,-13
1319,-13
1320,-11
1321,-11
1322,-11
1323,-21
1324,-11
1325,-15
1326,-18
1327,-11
1328,-13
1329,-11
1330,-11
1331,-108
1332,-15
1333,-11
1334,-13
1335,-11
1336,-11
1337,-11
1338,-13
1339,-11
1340,-11
1341,-11
1342,-11
1343,-11
1344,-103
1345,-11
1346,-13
1347,-13
1348,-11
1349,-11
1350,-11
1351,-11
1352,-102
1353,-11
1354,-108
1355,-11
1356,-11
1357,-11
1358,-11
1359,-11
1360,-108
1361,-13
1362,-13
1363,-11
1364,-13
1365,-11
1366,-13
1367,-11
1368,-19
1369,-11
1370,-11
1371,-11
1372,-11
1373,-15
1374,-11
1375,-11
1376,-107
1377,-16
1378,-11
1379,-11
1380,-11
1381,-112
1382,-11
1383,-11
1384,-106
1385,-11
1386,-11
1387,-11
1388,-11
1389,-11
1390,-16
1391,-11
1392,-11
1393,-11
1394,-11
1395,-11
1396,-100
1397,-11
1398,-111
1399,-108
1400,-16
1401,-110
1402,-11
1403,-15
1404,-21
1405,-11
1406,-13
1407,-11
1408,-11
1409,-11
1410,-11
1411,-11
1412,-11
1413,-11
1414,-11
1415,-11
1416,-12
1417,-11
1418,-11
1419,-11
1420,-103
1421,-11
1422,-11
1423,-11
1424,-100
1425,-11
1426,-11
1427,-11
1428,-110
1429,-11
1430,-11
1431,-11
1432,-11
1433,-13
1434,-109
1435,-11
1436,-13
1437,-11
1438,-11
1439,-11
1440,-13
1441,-13
1442,-11
1443,-11
1444,-11
1445,-11
1446,-11
1447,-11
1448,-11
1449,-102
1450,-11
1451,-11
1452,-13
1453,-13
1454,-11
1455,-11
1456,-13
1457,-104
1458,-11
1459,-13
1460,-11
1461,-11
1462,-11
1463,-11
1464,-11
1465,-107
1466,-11
1467,-11
1468,-11
1469,-11
1470,-103
1471,-11
1472,-104
1473,-12
1474,-11
1475,-13
1476,-11
1477,-104
1478,-11
1479,-11
1480,-11
1481,-13
1482,-11
1483,-11
1484,-11
1485,-11
1486,-11
1487,-11
1488,-11
1489,-11
1490,-102
1491,-11
1492,-11
1493,-11
1494,-15
1495,-11
1496,-11
1497,-11
1498,-11
1499,-18
1500,-17
1501,-106
1502,-11
1503,-11
1504,-11
1505,-11
1506,-11
1507,-13
1508,-109
1509,-12
1510,-103
1511,-11
1512,-11
1513,-11
1514,-13
1515,-11
1516,-11
1517,-13
1518,-110
1519,-11
1520,-111
1521,-13
1522,-11
1523,-11
1524,-11
1525,-11
1526,-11
1527,-110
1528,-11
1529,-113
1530,-15
1531,-106
1532,-105
1533,-11
1534,-13
1535,-17
1536,-13
1537,-11
1538,-11
1539,-11
1540,-13
1541,-13
1542,-11
1543,-111
1544,-110
1545,-11
1546,-11
1547,-17
1548,-11
1549,-11
1550,-11
1551,-13
1552,-11
1553,-11
1554,-13
1555,-11
1556,-11
1557,-11
1558,-11
1559,-11
1560,-13
1561,-11
1562,-11
1563,-106
1564,-15
1565,-11
1566,-11
1567,-109
1568,-11
1569,-108
1570,-13
1571,-11
1572,-11
1573,-13
1574,-11
1575,-13
1576,-17
1577,-11
1578,-11
1579,-14
1580,-11
1581,-13
1582,-11
1583,-11
1584,-11
1585,-11
1586,-11
1587,-13
1588,-12
1589,-103
1590,-113
1591,-11
1592,-13
1593,-13
1594,-11
1595,-12
1596,-11
1597,-11
1598,-11
1599,-11
1600,-11
1601,-11
1602,-13
1603,-11
1604,-13
1605,-11
1606,-11
1607,-11
1608,-11
1609,-107
1610,-11
1611,-102
1612,-11
1613,-11
1614,-107
1615,-13
1616,-11
1617,-11
1618,-11
1619,-11
1620,-11
1621,-11
1622,-11
1623,-11
1624,-11
1625,-13
1626,-11
1627,-16
1628,-11
1629,-11
1630,-11
1631,-15
1632,-11
1633,-13
1634,-13
1635,-11
1636,-13
1637,-109
1638,-11
1639,-11
1640,-111
1641,-11
1642,-11
1643,-11
1644,-11
1645,-11
1646,-14
1647,-11
1648,-11
1649,-13
1650,-13
1651,-11
1652,-103
1653,-13
1654,-11
1655,-11
1656,-111
1657,-13
1658,-11
1659,-11
1660,-11
1661,-105
1662,-100
1663,-11
1664,-17
1665,-102
1666,-11
1667,-11
1668,-16
1669,-15
1670,-15
1671,-11
1672,-11
1673,-11
1674,-11
1675,-11
1676,-11
1677,-13
1678,-13
1679,-13
1680,-103
1681,-13
1682,-11
1683,-110
1684,-16
1685,-11
1686,-11
1687,-11
1688,-11
1689,-11
1690,-11
1691,-11
1692,-11
1693,-13
1694,-15
1695,-102
1696,-20
1697,-13
1698,-11
1699,-106
1700,-11
1701,-13
1702,-13
1703,-11
1704,-11
1705,-11
1706,-11
1707,-11
1708,-11
1709,-11
1710,-105
1711,-104
1712,-11
1713,-11
1714,-15
1715,-111
1716,-13
1717,-11
1718,-11
1719,-109
1720,-11
1721,-104
1722,-11
1723,-13
1724,-11
1725,-11
1726,-11
1727,-11
1728,-11
1729,-11
1730,-13
1731,-13
1732,-11
1733,-11
1734,-11
1735,-11
1736,-11
1737,-11
1738,-12
1739,-13
1740,-11
1741,-13
1742,-11
1743,-16
1744,-13
1745,-113
1746,-13
1747,-11
1748,-11
1749,-11
1750,-11
1751,-11
1752,-13
1753,-11
1754,-11
1755,-11
1756,-11
1757,-11
1758,-11
1759,-11
1760,-11
1761,-15
1762,-13
1763,-11
1764,-13
1765,-11
1766,-15
1767,-11
1768,-13
1769,-11
1770,-11
1771,-100
1772,-11
1773,-11
1774,-11
1775,-17
1776,-11
1777,-11
1778,-12
1779,-11
1780,-110
1781,-113
1782,-11
1783,-11
1784,-11
1785,-11
1786,-13
1787,-11
1788,-102
1789,-11
1790,-108
1791,-11
1792,-15
1793,-13
1794,-106
1795,-11
1796,-11
1797,-13
1798,-12
1799,-11
1800,-11
1801,-11
1802,-11
1803,-13
1804,-107
1805,-11
1806,-11
1807,-13
1808,-11
1809,-15
1810,-11
1811,-11
1812,-100
1813,-102
1814,-11
1815,-18
1816,-17
1817,-11
1818,-11
1819,-11
1820,-11
1821,-13
1822,-12
1823,-11
1824,-103
1825,-11
1826,-13
1827,-11
1828,-107
1829,-107
1830,-11
1831,-11
1832,-103
1833,-11
1834,-11
1835,-11
1836,-11
1837,-11
1838,-11
1839,-11
1840,-11
1841,-19
1842,-110
1843,-13
1844,-13
1845,-11
1846,-11
1847,-11
1848,-13
1849,-107
1850,-13
1851,-106
1852,-11
1853,-11
1854,-11
1855,-11
1856,-11
1857,-11
1858,-103
1859,-11
1860,-108
1861,-11
1862,-13
1863,-11
1864,-11
1865,-11
1866,-109
1867,-111
1868,-102
1869,-106
1870,-11
1871,-13
1872,-13
1873,-11
1874,-11
1875,-11
1876,-11
1877,-11
1878,-13
1879,-11
1880,-11
1881,-11
1882,-11
1883,-13
1884,-11
1885,-11
1886,-11
1887,-13
1888,-11
1889,-12
1890,-11
1891,-107
1892,-103
1893,-11
1894,-11
1895,-11
1896,-11
1897,-11
1898,-107
1899,-11
1900,-11
1901,-11
1902,-11
1903,-11
1904,-11
1905,-109
1906,-13
1907,-100
1908,-11
1909,-11
1910,-11
1911,-109
1912,-11
1913,-11
1914,-15
1915,-11
1916,-102
1917,-103
1918,-102
1919,-17
1920,-11
1921,-13
1922,-13
1923,-11
1924,-11
1925,-11
1926,-11
1927,-11
1928,-11
1929,-11
1930,-13
1931,-11
1932,-109
1933,-11
1934,-11
1935,-11
1936,-11
1937,-11
1938,-12
1939,-13
1940,-11
1941,-111
1942,-11
1943,-11
1944,-12
1945,-11
1946,-11
1947,-11
1948,-110
1949,-110
1950,-11
1951,-105
1952,-11
1953,-11
1954,-11
1955,-11
1956,-11
1957,-108
1958,-11
1959,-11
1960,-11
1961,-11
1962,-11
1963,-11
1964,-13
1965,-15
1966,-11
1967,-12
1968,-11
1969,-13
1970,-100
1971,-11
1972,-11
1973,-11
1974,-11
1975,-11
1976,-13
1977,-11
1978,-11
1979,-11
1980,-11
1981,-11
1982,-15
1983,-11
1984,-13
1985,-11
1986,-11
1987,-11
1988,-11
1989,-11
1990,-108
1991,-11
1992,-11
1993,-11
1994,-11
1995,-11
1996,-109
1997,-11
1998,-11
1999,-13
2000,-11
2001,-11
2002,-102
2003,-11
2004,-100
2005,-11
2006,-11
2007,-15
2008,-11
2009,-11
2010,-11
2011,-104
2012,-14
2013,-13
2014,-13
2015,-13
2016,-24
2017,-102
2018,-11
2019,-11
2020,-13
2021,-11
2022,-11
2023,-11
2024,-15
2025,-11
2026,-11
2027,-13
2028,-13
2029,-13
2030,-11
2031,-11
2032,-11
2033,-13
2034,-11
2035,-11
2036,-106
2037,-103
2038,-11
2039,-19
2040,-13
2041,-16
2042,-11
2043,-11
2044,-11
2045,-13
2046,-11
2047,-11
2048,-11
2049,-11
2050,-11
2051,-11
2052,-12
2053,-11
2054,-100
2055,-11
2056,-11
2057,-11
2058,-11
2059,-13
2060,-11
2061,-13
2062,-12
2063,-11
2064,-11
2065,-12
2066,-11
2067,-11
2068,-11
2069,-110
2070,-11
2071,-11
2072,-14
2073,-11
2074,-11
2075,-13
2076,-18
2077,-11
2078,-11
2079,-15
2080,-11
2081,-13
2082,-11
2083,-111
2084,-100
2085,-13
2086,-13
2087,-11
2088,-11
2089,-11
2090,-11
2091,-11
2092,-107
2093,-109
2094,-13
2095,-11
2096,-13
2097,-11
2098,-11
2099,-11
2100,-15
2101,-11
2102,-11
2103,-13
2104,-15
2105,-11
2106,-113
2107,-13
2108,-11
2109,-11
2110,-11
2111,-11
2112,-11
2113,-13
2114,-11
2115,-11
2116,-11
2117,-16
2118,-11
2119,-11
2120,-11
2121,-11
2122,-11
2123,-13
2124,-11
2125,-11
2126,-11
2127,-11
2128,-11
2129,-11
2130,-11
2131,-11
2132,-11
2133,-11
2134,-11
2135,-11
2136,-13
2137,-11
2138,-11
2139,-11
2140,-11
2141,-11
2142,-17
2143,-11
2144,-11
2145,-13
2146,-111
2147,-11
2148,-13
2149,-11
2150,-13
2151,-107
2152,-106
2153,-11
2154,-13
2155,-13
2156,-11
2157,-13
2158,-104
2159,-11
2160,-107
2161,-11
2162,-11
2163,-11
2164,-11
2165,-11
2166,-11
2167,-11
2168,-11
2169,-15
2170,-11
2171,-11
2172,-11
2173,-11
2174,-104
2175,-11
2176,-103
2177,-15
2178,-11
2179,-11
2180,-11
2181,-11
2182,-102
2183,-13
2184,-15
2185,-20
2186,-13
2187,-111
2188,-12
2189,-11
2190,-11
2191,-13
2192,-13
2193,-17
2194,-11
2195,-11
2196,-102
2197,-103
2198,-13
2199,-15
2200,-13
2201,-11
2202,-11
2203,-11
2204,-12
2205,-17
2206,-15
2207,-11
2208,-107
2209,-11
2210,-11
2211,-13
2212,-104
2213,-104
2214,-11
2215,-100
2216,-13
2217,-102
2218,-11
2219,-16
2220,-11
2221,-13
2222,-11
2223,-11
2224,-11
2225,-105
2226,-11
2227,-11
2228,-105
2229,-106
2230,-11
2231,-13
2232,-11
2233,-11
2234,-104
2235,-14
2236,-11
2237,-11
2238,-11
2239,-11
2240,-11
2241,-16
2242,-11
2243,-13
2244,-13
2245,-13
2246,-13
2247,-11
2248,-11
2249,-11
2250,-11
2251,-13
2252,-11
2253,-11
2254,-102
2255,-11
2256,-11
2257,-23
2258,-11
2259,-11
2260,-13
2261,-11
2262,-13
2263,-15
2264,-11
2265,-11
2266,-13
2267,-11
2268,-13
2269,-13
2270,-11
2271,-106
2272,-13
2273,-13
2274,-11
2275,-11
2276,-11
2277,-11
2278,-11
2279,-11
2280,-13
2281,-13
2282,-11
2283,-12
2284,-11
2285,-11
2286,-13
2287,-11
2288,-11
2289,-11
2290,-11
2291,-11
2292,-109
2293,-11
2294,-11
2295,-100
2296,-11
2297,-13
2298,-11
2299,-11
2300,-104
2301,-11
2302,-11
2303,-11
2304,-11
2305,-12
2306,-11
2307,-104
2308,-11
2309,-11
2310,-11
2311,-11
2312,-106
2313,-13
2314,-13
2315,-11
2316,-11
2317,-11
2318,-13
2319,-11
2320,-11
2321,-12
2322,-11
2323,-111
2324,-14
2325,-11
2326,-15
2327,-11
2328,-11
2329,-108
2330,-11
2331,-11
2332,-13
2333,-11
2334,-11
2335,-14
2336,-13
2337,-11
2338,-12
2339,-106
2340,-13
2341,-11
2342,-11
2343,-11
2344,-11
2345,-13
2346,-11
2347,-13
2348,-11
2349,-11
2350,-11
2351,-12
2352,-11
2353,-11
2354,-12
2355,-17
2356,-11
2357,-106
2358,-105
2359,-11
2360,-13
2361,-11
2362,-11
2363,-15
2364,-11
2365,-27
2366,-13
2367,-11
2368,-13
2369,-11
2370,-11
2371,-112
2372,-11
2373,-11
2374,-11
2375,-13
2376,-107
2377,-15
2378,-15
2379,-13
2380,-11
2381,-11
2382,-11
2383,-11
2384,-15
2385,-15
2386,-11
2387,-17
2388,-102
2389,-11
2390,-13
2391,-13
2392,-11
2393,-14
2394,-13
2395,-11
2396,-13
2397,-11
2398,-102
2399,-18
2400,-11
2401,-11
2402,-11
2403,-105
2404,-16
2405,-12
2406,-11
2407,-11
2408,-15
2409,-11
2410,-102
2411,-11
2412,-11
2413,-11
2414,-11
2415,-11
2416,-13
2417,-13
2418,-11
2419,-11
2420,-11
2421,-11
2422,-15
2423,-11
2424,-11
2425,-12
2426,-11
2427,-102
2428,-104
2429,-11
2430,-112
2431,-108
2432,-11
2433,-11
2434,-13
2435,-110
2436,-11
2437,-11
2438,-15
2439,-15
2440,-13
2441,-11
2442,-104
2443,-11
2444,-13
2445,-11
2446,-108
2447,-11
2448,-11
2449,-102
2450,-13
2451,-11
2452,-11
2453,-12
2454,-11
2455,-11
2456,-12
2457,-12
2458,-11
2459,-111
2460,-12
2461,-11
2462,-11
2463,-11
2464,-13
2465,-11
2466,-11
2467,-11
2468,-105
2469,-100
2470,-13
2471,-11
2472,-11
2473,-109
2474,-11
2475,-11
2476,-11
2477,-11
2478,-11
2479,-11
2480,-11
2481,-113
2482,-105
2483,-11
2484,-11
2485,-11
2486,-11
2487,-11
2488,-13
2489,-11
2490,-12
2491,-11
2492,-11
2493,-104
2494,-13
2495,-13
2496,-11
2497,-11
2498,-11
2499,-13
2500,-13
2501,-110
2502,-12
2503,-15
2504,-11
2505,-11
2506,-11
2507,-11
2508,-11
2509,-11
2510,-13
2511,-13
2512,-13
2513,-11
2514,-108
2515,-11
2516,-11
2517,-13
2518,-11
2519,-11
2520,-11
2521,-19
2522,-11
2523,-110
2524,-11
2525,-11
2526,-105
2527,-11
2528,-11
2529,-11
2530,-11
2531,-11
2532,-15
2533,-11
2534,-15
2535,-11
2536,-13
2537,-11
2538,-15
2539,-11
2540,-108
2541,-15
2542,-11
2543,-11
2544,-11
2545,-15
2546,-11
2547,-11
2548,-11
2549,-110
2550,-12
2551,-11
2552,-11
2553,-11
2554,-11
2555,-11
2556,-100
2557,-11
2558,-11
2559,-11
2560,-11
2561,-11
2562,-11
2563,-12
2564,-13
2565,-15
2566,-106
2567,-11
2568,-11
2569,-11
2570,-11
2571,-11
2572,-11
2573,-11
2574,-15
2575,-11
2576,-11
2577,-104
2578,-11
2579,-11
2580,-11
2581,-11
2582,-11
2583,-11
2584,-12
2585,-11
2586,-11
2587,-11
2588,-104
2589,-11
2590,-11
2591,-11
2592,-103
2593,-11
2594,-11
2595,-13
2596,-11
2597,-11
2598,-13
2599,-11
2600,-11
2601,-12
2602,-16
2603,-15
2604,-13
2605,-11
2606,-103
2607,-11
2608,-11
2609,-11
2610,-11
2611,-116
2612,-11
2613,-11
2614,-11
2615,-11
2616,-11
2617,-13
2618,-11
2619,-11
2620,-11
2621,-11
2622,-100
2623,-13
2624,-13
2625,-11
2626,-108
2627,-13
2628,-13
2629,-11
2630,-11
2631,-11
2632,-11
2633,-11
2634,-11
2635,-17
2636,-11
2637,-11
2638,-11
2639,-109
2640,-11
2641,-11
2642,-107
2643,-11
2644,-105
2645,-11
2646,-13
2647,-11
2648,-13
2649,-11
2650,-11
2651,-102
2652,-11
2653,-11
2654,-11
2655,-15
2656,-13
2657,-11
2658,-11
2659,-11
2660,-11
2661,-108
2662,-11
2663,-12
2664,-12
2665,-11
2666,-11
2667,-13
2668,-11
2669,-109
2670,-107
2671,-11
2672,-11
2673,-16
2674,-11
2675,-11
2676,-12
2677,-11
2678,-13
2679,-11
2680,-13
2681,-11
2682,-11
2683,-11
2684,-14
2685,-11
2686,-11
2687,-11
2688,-11
2689,-13
2690,-11
2691,-11
2692,-107
2693,-15
2694,-11
2695,-11
2696,-11
2697,-11
2698,-18
2699,-11
2700,-111
2701,-13
2702,-11
2703,-20
2704,-11
2705,-11
2706,-11
2707,-12
2708,-11
2709,-11
2710,-11
2711,-13
2712,-11
2713,-13
2714,-110
2715,-108
2716,-13
2717,-15
2718,-11
2719,-11
2720,-11
2721,-15
2722,-11
2723,-11
2724,-11
2725,-13
2726,-11
2727,-13
2728,-11
2729,-11
2730,-11
2731,-11
2732,-11
2733,-15
2734,-11
2735,-102
2736,-11
2737,-11
2738,-11
2739,-11
2740,-11
2741,-11
2742,-13
2743,-13
2744,-13
2745,-11
2746,-11
2747,-110
2748,-13
2749,-11
2750,-13
2751,-105
2752,-13
2753,-11
2754,-11
2755,-102
2756,-11
2757,-11
2758,-11
2759,-11
2760,-11
2761,-11
2762,-11
2763,-111
2764,-11
2765,-11
2766,-11
2767,-12
2768,-11
2769,-103
2770,-13
2771,-13
2772,-102
2773,-11
2774,-106
2775,-13
2776,-11
2777,-11
2778,-13
2779,-11
2780,-11
2781,-110
2782,-11
2783,-14
2784,-11
2785,-19
2786,-108
2787,-13
2788,-11
2789,-11
2790,-11
2791,-11
2792,-104
2793,-11
2794,-13
2795,-11
2796,-11
2797,-14
2798,-15
2799,-13
2800,-15
2801,-11
2802,-106
2803,-11
2804,-11
2805,-11
2806,-12
2807,-11
2808,-11
2809,-11
2810,-13
2811,-109
2812,-13
2813,-11
2814,-13
2815,-11
2816,-13
2817,-11
2818,-11
2819,-104
2820,-11
2821,-11
2822,-11
2823,-16
2824,-11
2825,-107
2826,-13
2827,-11
2828,-13
2829,-13
2830,-11
2831,-11
2832,-11
2833,-107
2834,-13
2835,-11
2836,-11
2837,-11
2838,-11
2839,-103
2840,-11
2841,-13
2842,-11
2843,-11
2844,-11
2845,-16
2846,-11
2847,-11
2848,-13
2849,-11
2850,-11
2851,-11
2852,-13
2853,-11
2854,-111
2855,-11
2856,-15
2857,-11
2858,-11
2859,-11
2860,-13
2861,-11
2862,-11
2863,-11
2864,-110
2865,-13
2866,-11
2867,-13
2868,-11
2869,-13
2870,-113
2871,-11
2872,-11
2873,-11
2874,-11
2875,-11
2876,-107
2877,-110
2878,-13
2879,-11
2880,-11
2881,-17
2882,-11
2883,-11
2884,-17
2885,-15
2886,-17
2887,-11
2888,-11
2889,-11
2890,-11
2891,-13
2892,-11
2893,-15
2894,-11
2895,-15
2896,-112
2897,-11
2898,-107
2899,-11
2900,-11
2901,-11
2902,-11
2903,-11
2904,-13
2905,-13
2906,-11
2907,-13
2908,-11
2909,-11
2910,-11
2911,-13
2912,-13
2913,-11
2914,-100
2915,-11
2916,-11
2917,-11
2918,-13
2919,-109
2920,-106
2921,-11
2922,-11
2923,-11
2924,-11
2925,-11
2926,-15
2927,-11
2928,-11
2929,-16
2930,-11
2931,-11
2932,-11
2933,-15
2934,-11
2935,-11
2936,-13
2937,-13
2938,-11
2939,-11
2940,-11
2941,-11
2942,-18
2943,-104
2944,-13
2945,-11
2946,-15
2947,-13
2948,-13
2949,-13
2950,-13
2951,-13
2952,-11
2953,-11
2954,-11
2955,-11
2956,-11
2957,-100
2958,-13
2959,-12
2960,-11
2961,-102
2962,-13
2963,-11
2964,-11
2965,-13
2966,-11
2967,-11
2968,-11
2969,-11
2970,-11
2971,-13
2972,-11
2973,-13
2974,-11
2975,-11
2976,-13
2977,-15
2978,-11
2979,-11
2980,-11
2981,-111
2982,-11
2983,-15
2984,-11
2985,-107
2986,-11
2987,-100
2988,-11
2989,-102
2990,-12
2991,-104
2992,-11
2993,-11
2994,-13
2995,-11
2996,-11
2997,-15
2998,-11
2999,-11
